use proyecto_iot;

-- Insetar datos Tabla clientes
insert into proyecto_iot.clientes (cliente_id, cliente_nombre, direccion, ciudad, provincia, pais) values (1, 'Rath, Daniel and Weissnat', 'Pankratz 2139', 'Granada', 'Andalucia', 'Spain');
insert into proyecto_iot.clientes (cliente_id, cliente_nombre, direccion, ciudad, provincia, pais) values (2, 'Kiehn, Cruickshank and Herman', 'Kenwood 1209', 'Malaga', 'Andalucia', 'Spain');
insert into proyecto_iot.clientes (cliente_id, cliente_nombre, direccion, ciudad, provincia, pais) values (3, 'VonRueden-Pouros', 'Farragut 1313', 'Barcelona', 'Cataluna', 'Spain');
insert into proyecto_iot.clientes (cliente_id, cliente_nombre, direccion, ciudad, provincia, pais) values (4, 'Legros, Cormier and Cummings', 'Gerald 1943', 'Tarragona', 'Cataluna', 'Spain');
insert into proyecto_iot.clientes (cliente_id, cliente_nombre, direccion, ciudad, provincia, pais) values (5, 'Armstrong-Smitham', 'Aberg 462', 'Hospitalet De Llobregat, L''', 'Cataluna', 'Spain');
insert into proyecto_iot.clientes (cliente_id, cliente_nombre, direccion, ciudad, provincia, pais) values (6, 'Pfannerstill, Nitzsche and Shields', 'Manley 1785', 'Madrid', 'Madrid', 'Spain');
insert into proyecto_iot.clientes (cliente_id, cliente_nombre, direccion, ciudad, provincia, pais) values (7, 'Will-Walsh', 'Center 2268', 'Madrid', 'Madrid', 'Spain');
insert into proyecto_iot.clientes (cliente_id, cliente_nombre, direccion, ciudad, provincia, pais) values (8, 'Rohan, Crona and Johns', 'Havey 2476', 'Granada', 'Andalucia', 'Spain');
insert into proyecto_iot.clientes (cliente_id, cliente_nombre, direccion, ciudad, provincia, pais) values (9, 'Schoen Inc', 'Barnett 1694', 'Valencia', 'Comunidad Valenciana', 'Spain');
insert into proyecto_iot.clientes (cliente_id, cliente_nombre, direccion, ciudad, provincia, pais) values (10, 'Ankunding-Adams', 'Hanover 63', 'Granada', 'Andalucia', 'Spain');
insert into proyecto_iot.clientes (cliente_id, cliente_nombre, direccion, ciudad, provincia, pais) values (11, 'Klein, Christiansen and Kertzmann', 'Susan 2253', 'Lleida', 'Cataluna', 'Spain');
insert into proyecto_iot.clientes (cliente_id, cliente_nombre, direccion, ciudad, provincia, pais) values (12, 'Ward Group', 'Bowman 2218', 'Granada', 'Andalucia', 'Spain');
insert into proyecto_iot.clientes (cliente_id, cliente_nombre, direccion, ciudad, provincia, pais) values (13, 'Roberts Inc', 'Spenser 1549', 'Lleida', 'Cataluna', 'Spain');
insert into proyecto_iot.clientes (cliente_id, cliente_nombre, direccion, ciudad, provincia, pais) values (14, 'O''Hara, Waters and Terry', 'Morningstar 1080', 'Hospitalet De Llobregat, L''', 'Cataluna', 'Spain');
insert into proyecto_iot.clientes (cliente_id, cliente_nombre, direccion, ciudad, provincia, pais) values (15, 'Von, Jakubowski and Huel', 'Elka 1593', 'Hospitalet De Llobregat, L''', 'Cataluna', 'Spain');

-- Insetar datos Tabla centros

insert into proyecto_iot.centros (centro_id, cliente_id, centro_nombre, direccion, ciudad, provincia) values (1, 7, 'Crona-Stehr', 'Northwestern 372', 'Tarragona', 'Cataluna');
insert into proyecto_iot.centros (centro_id, cliente_id, centro_nombre, direccion, ciudad, provincia) values (2, 6, 'Huels-Tillman', 'Onsgard 1054', 'Sabadell', 'Cataluna');
insert into proyecto_iot.centros (centro_id, cliente_id, centro_nombre, direccion, ciudad, provincia) values (3, 9, 'O''Reilly-O''Keefe', 'Vernon 1181', 'Castellon De La Plana/Castello De La Pla', 'Comunidad Valenciana');
insert into proyecto_iot.centros (centro_id, cliente_id, centro_nombre, direccion, ciudad, provincia) values (4, 11, 'Wunsch Group', 'Monterey 506', 'Fuenlabrada', 'Madrid');
insert into proyecto_iot.centros (centro_id, cliente_id, centro_nombre, direccion, ciudad, provincia) values (5, 4, 'Klocko, Hills and Monahan', 'Pankratz 245', 'Madrid', 'Madrid');
insert into proyecto_iot.centros (centro_id, cliente_id, centro_nombre, direccion, ciudad, provincia) values (6, 2, 'Tremblay Inc', 'Northwestern 2024', 'Madrid', 'Madrid');
insert into proyecto_iot.centros (centro_id, cliente_id, centro_nombre, direccion, ciudad, provincia) values (7, 11, 'Wintheiser-Hagenes', 'American Ash 252', 'Torrevieja', 'Comunidad Valenciana');
insert into proyecto_iot.centros (centro_id, cliente_id, centro_nombre, direccion, ciudad, provincia) values (8, 2, 'Fisher, Tillman and Denesik', 'Esch 318', 'Elx/Elche', 'Comunidad Valenciana');
insert into proyecto_iot.centros (centro_id, cliente_id, centro_nombre, direccion, ciudad, provincia) values (9, 8, 'Kulas-Balistreri', 'Cardinal 1615', 'Castellon De La Plana/Castello De La Pla', 'Comunidad Valenciana');
insert into proyecto_iot.centros (centro_id, cliente_id, centro_nombre, direccion, ciudad, provincia) values (10, 14, 'Volkman-Predovic', 'Quincy 1870', 'Madrid', 'Madrid');
insert into proyecto_iot.centros (centro_id, cliente_id, centro_nombre, direccion, ciudad, provincia) values (11, 8, 'Jacobson-Mayer', 'Upham 1586', 'Valencia', 'Comunidad Valenciana');
insert into proyecto_iot.centros (centro_id, cliente_id, centro_nombre, direccion, ciudad, provincia) values (12, 8, 'Gaylord, Wyman and Quitzon', 'Autumn Leaf 1940', 'Granada', 'Andalucia');
insert into proyecto_iot.centros (centro_id, cliente_id, centro_nombre, direccion, ciudad, provincia) values (13, 10, 'Haag-Ziemann', 'Mockingbird 76', 'Malaga', 'Andalucia');
insert into proyecto_iot.centros (centro_id, cliente_id, centro_nombre, direccion, ciudad, provincia) values (14, 6, 'Rolfson LLC', 'Linden 382', 'Castellon De La Plana/Castello De La Pla', 'Comunidad Valenciana');
insert into proyecto_iot.centros (centro_id, cliente_id, centro_nombre, direccion, ciudad, provincia) values (15, 12, 'Tromp, Ortiz and Sawayn', 'Morningstar 1082', 'Barcelona', 'Cataluna');
insert into proyecto_iot.centros (centro_id, cliente_id, centro_nombre, direccion, ciudad, provincia) values (16, 9, 'Grimes-Bosco', 'Lake View 291', 'Barcelona', 'Cataluna');
insert into proyecto_iot.centros (centro_id, cliente_id, centro_nombre, direccion, ciudad, provincia) values (17, 15, 'Grimes-Crooks', 'Karstens 1237', 'Leganes', 'Madrid');
insert into proyecto_iot.centros (centro_id, cliente_id, centro_nombre, direccion, ciudad, provincia) values (18, 9, 'Tromp-Schinner', 'Moose 1849', 'Almeria', 'Andalucia');
insert into proyecto_iot.centros (centro_id, cliente_id, centro_nombre, direccion, ciudad, provincia) values (19, 15, 'Volkman LLC', 'Raven 1797', 'Sant Cugat Del Valles', 'Cataluna');
insert into proyecto_iot.centros (centro_id, cliente_id, centro_nombre, direccion, ciudad, provincia) values (20, 3, 'Rempel Inc', 'Farmco 963', 'Sant Cugat Del Valles', 'Cataluna');

-- Insertar datos tabla modulos
insert into proyecto_iot.modulos (modulo_id, cliente_id, centro_id, modulo_nombre, ubicacion, estado) values (1, 15, 17, 'Flatley Group', 'Interior', 'Operativo');
insert into proyecto_iot.modulos (modulo_id, cliente_id, centro_id, modulo_nombre, ubicacion, estado) values (2, 12, 15, 'Herzog-Altenwerth', 'Exterior', 'No_Operativo');
insert into proyecto_iot.modulos (modulo_id, cliente_id, centro_id, modulo_nombre, ubicacion, estado) values (3, 15, 19, 'Dietrich LLC', 'Exterior', 'Operativo');
insert into proyecto_iot.modulos (modulo_id, cliente_id, centro_id, modulo_nombre, ubicacion, estado) values (4, 9, 18, 'Wilderman and Sons', 'Exterior', 'No_Operativo');
insert into proyecto_iot.modulos (modulo_id, cliente_id, centro_id, modulo_nombre, ubicacion, estado) values (5, 8, 9, 'Hudson Inc', 'Interior', 'Operativo');
insert into proyecto_iot.modulos (modulo_id, cliente_id, centro_id, modulo_nombre, ubicacion, estado) values (6, 2, 6, 'Reynolds, Koepp and Armstrong', 'Exterior', 'Operativo');
insert into proyecto_iot.modulos (modulo_id, cliente_id, centro_id, modulo_nombre, ubicacion, estado) values (7, 6, 14, 'Jacobson, Moore and Hirthe', 'Interior', 'No_Operativo');
insert into proyecto_iot.modulos (modulo_id, cliente_id, centro_id, modulo_nombre, ubicacion, estado) values (8, 8, 12, 'Prohaska-Schaden', 'Exterior', 'Operativo');
insert into proyecto_iot.modulos (modulo_id, cliente_id, centro_id, modulo_nombre, ubicacion, estado) values (9, 11, 4, 'Howell-Hodkiewicz', 'Interior', 'Operativo');
insert into proyecto_iot.modulos (modulo_id, cliente_id, centro_id, modulo_nombre, ubicacion, estado) values (10, 14, 10, 'Barrows-Lind', 'Interior', 'No_Operativo');
insert into proyecto_iot.modulos (modulo_id, cliente_id, centro_id, modulo_nombre, ubicacion, estado) values (11, 6, 14, 'Wisozk, Jaskolski and Kuhic', 'Exterior', 'Operativo');
insert into proyecto_iot.modulos (modulo_id, cliente_id, centro_id, modulo_nombre, ubicacion, estado) values (12, 15, 19, 'Watsica-Lockman', 'Interior', 'Operativo');
insert into proyecto_iot.modulos (modulo_id, cliente_id, centro_id, modulo_nombre, ubicacion, estado) values (13, 10, 13, 'Ferry, Carroll and Bashirian', 'Interior', 'No_Operativo');
insert into proyecto_iot.modulos (modulo_id, cliente_id, centro_id, modulo_nombre, ubicacion, estado) values (14, 9, 16, 'O''Reilly, Gorczany and Wuckert', 'Interior', 'Operativo');
insert into proyecto_iot.modulos (modulo_id, cliente_id, centro_id, modulo_nombre, ubicacion, estado) values (15, 2, 8, 'Adams, Baumbach and Christiansen', 'Interior', 'Operativo');
insert into proyecto_iot.modulos (modulo_id, cliente_id, centro_id, modulo_nombre, ubicacion, estado) values (16, 15, 19, 'Kutch-White', 'Interior', 'No_Operativo');
insert into proyecto_iot.modulos (modulo_id, cliente_id, centro_id, modulo_nombre, ubicacion, estado) values (17, 8, 12, 'Williamson Inc', 'Interior', 'Operativo');
insert into proyecto_iot.modulos (modulo_id, cliente_id, centro_id, modulo_nombre, ubicacion, estado) values (18, 8, 9, 'Gislason Group', 'Interior', 'No_Operativo');
insert into proyecto_iot.modulos (modulo_id, cliente_id, centro_id, modulo_nombre, ubicacion, estado) values (19, 12, 15, 'Reynolds Inc', 'Exterior', 'Operativo');
insert into proyecto_iot.modulos (modulo_id, cliente_id, centro_id, modulo_nombre, ubicacion, estado) values (20, 2, 6, 'Towne, Stracke and Krajcik', 'Exterior', 'Operativo');
insert into proyecto_iot.modulos (modulo_id, cliente_id, centro_id, modulo_nombre, ubicacion, estado) values (21, 12, 15, 'Hodkiewicz-Treutel', 'Interior', 'Operativo');
insert into proyecto_iot.modulos (modulo_id, cliente_id, centro_id, modulo_nombre, ubicacion, estado) values (22, 2, 8, 'Leuschke, Smith and Nienow', 'Interior', 'No_Operativo');
insert into proyecto_iot.modulos (modulo_id, cliente_id, centro_id, modulo_nombre, ubicacion, estado) values (23, 3, 20, 'Torphy, Stoltenberg and Langosh', 'Exterior', 'Operativo');
insert into proyecto_iot.modulos (modulo_id, cliente_id, centro_id, modulo_nombre, ubicacion, estado) values (24, 3, 20, 'Hessel and Sons', 'Interior', 'Operativo');
insert into proyecto_iot.modulos (modulo_id, cliente_id, centro_id, modulo_nombre, ubicacion, estado) values (25, 10, 13, 'Lockman, Mann and Collins', 'Exterior', 'Operativo');
insert into proyecto_iot.modulos (modulo_id, cliente_id, centro_id, modulo_nombre, ubicacion, estado) values (26, 2, 8, 'Reilly-Goodwin', 'Exterior', 'Operativo');
insert into proyecto_iot.modulos (modulo_id, cliente_id, centro_id, modulo_nombre, ubicacion, estado) values (27, 6, 2, 'Mohr, Koss and Gutkowski', 'Interior', 'Operativo');
insert into proyecto_iot.modulos (modulo_id, cliente_id, centro_id, modulo_nombre, ubicacion, estado) values (28, 11, 4, 'Lehner, Harber and Sporer', 'Interior', 'Operativo');
insert into proyecto_iot.modulos (modulo_id, cliente_id, centro_id, modulo_nombre, ubicacion, estado) values (29, 9, 18, 'Douglas-D''Amore', 'Interior', 'Operativo');
insert into proyecto_iot.modulos (modulo_id, cliente_id, centro_id, modulo_nombre, ubicacion, estado) values (30, 8, 11, 'Dach, Prosacco and McDermott', 'Interior', 'Operativo');

-- Insertar Datos Tabla Sensores

insert into proyecto_iot.sensores (sensor_id, modulo_id, tipo, calibracion, estado) values (1, 3, 'humedad', '2021-12-26 02:48:25', 'Operativo');
insert into proyecto_iot.sensores (sensor_id, modulo_id, tipo, calibracion, estado) values (2, 17, 'temperatura', '2022-07-15 07:53:19', 'Operativo');
insert into proyecto_iot.sensores (sensor_id, modulo_id, tipo, calibracion, estado) values (3, 30, 'temperatura', '2022-08-14 20:03:49', 'No_Operativo');
insert into proyecto_iot.sensores (sensor_id, modulo_id, tipo, calibracion, estado) values (4, 9, 'humedad', '2022-07-24 02:48:41', 'Operativo');
insert into proyecto_iot.sensores (sensor_id, modulo_id, tipo, calibracion, estado) values (5, 6, 'temperatura', '2022-09-18 05:06:15', 'Operativo');
insert into proyecto_iot.sensores (sensor_id, modulo_id, tipo, calibracion, estado) values (6, 27, 'humedad', '2022-06-20 15:11:45', 'Operativo');
insert into proyecto_iot.sensores (sensor_id, modulo_id, tipo, calibracion, estado) values (7, 17, 'temperatura', '2022-07-05 10:54:35', 'No_Operativo');
insert into proyecto_iot.sensores (sensor_id, modulo_id, tipo, calibracion, estado) values (8, 3, 'humedad', '2022-04-18 12:07:12', 'No_Operativo');
insert into proyecto_iot.sensores (sensor_id, modulo_id, tipo, calibracion, estado) values (9, 27, 'temperatura', '2022-01-09 09:03:28', 'No_Operativo');
insert into proyecto_iot.sensores (sensor_id, modulo_id, tipo, calibracion, estado) values (10, 8, 'humedad', '2022-06-05 14:34:05', 'Operativo');
insert into proyecto_iot.sensores (sensor_id, modulo_id, tipo, calibracion, estado) values (11, 28, 'temperatura', '2022-08-24 03:32:22', 'Operativo');
insert into proyecto_iot.sensores (sensor_id, modulo_id, tipo, calibracion, estado) values (12, 1, 'humedad', '2022-07-19 11:55:19', 'Operativo');
insert into proyecto_iot.sensores (sensor_id, modulo_id, tipo, calibracion, estado) values (13, 17, 'humedad', '2022-09-28 01:25:09', 'Operativo');
insert into proyecto_iot.sensores (sensor_id, modulo_id, tipo, calibracion, estado) values (14, 29, 'humedad', '2022-07-02 15:13:22', 'Operativo');
insert into proyecto_iot.sensores (sensor_id, modulo_id, tipo, calibracion, estado) values (15, 29, 'temperatura', '2022-03-02 13:30:24', 'Operativo');
insert into proyecto_iot.sensores (sensor_id, modulo_id, tipo, calibracion, estado) values (16, 11, 'temperatura', '2022-08-01 13:39:58', 'Operativo');
insert into proyecto_iot.sensores (sensor_id, modulo_id, tipo, calibracion, estado) values (17, 13, 'temperatura', '2022-09-21 10:45:07', 'No_Operativo');
insert into proyecto_iot.sensores (sensor_id, modulo_id, tipo, calibracion, estado) values (18, 10, 'temperatura', '2022-03-07 07:30:59', 'Operativo');
insert into proyecto_iot.sensores (sensor_id, modulo_id, tipo, calibracion, estado) values (19, 18, 'temperatura', '2022-07-28 19:43:05', 'Operativo');
insert into proyecto_iot.sensores (sensor_id, modulo_id, tipo, calibracion, estado) values (20, 3, 'temperatura', '2021-12-31 09:41:15', 'No_Operativo');
insert into proyecto_iot.sensores (sensor_id, modulo_id, tipo, calibracion, estado) values (21, 20, 'humedad', '2022-10-03 08:36:53', 'Operativo');
insert into proyecto_iot.sensores (sensor_id, modulo_id, tipo, calibracion, estado) values (22, 20, 'humedad', '2022-04-29 13:38:02', 'No_Operativo');
insert into proyecto_iot.sensores (sensor_id, modulo_id, tipo, calibracion, estado) values (23, 2, 'temperatura', '2022-06-03 02:37:21', 'No_Operativo');
insert into proyecto_iot.sensores (sensor_id, modulo_id, tipo, calibracion, estado) values (24, 8, 'humedad', '2022-02-17 10:05:28', 'Operativo');
insert into proyecto_iot.sensores (sensor_id, modulo_id, tipo, calibracion, estado) values (25, 28, 'humedad', '2022-04-17 21:49:40', 'No_Operativo');
insert into proyecto_iot.sensores (sensor_id, modulo_id, tipo, calibracion, estado) values (26, 9, 'temperatura', '2022-03-18 04:52:47', 'No_Operativo');
insert into proyecto_iot.sensores (sensor_id, modulo_id, tipo, calibracion, estado) values (27, 8, 'humedad', '2022-03-09 08:45:45', 'Operativo');
insert into proyecto_iot.sensores (sensor_id, modulo_id, tipo, calibracion, estado) values (28, 17, 'temperatura', '2022-05-04 02:39:19', 'Operativo');
insert into proyecto_iot.sensores (sensor_id, modulo_id, tipo, calibracion, estado) values (29, 11, 'temperatura', '2022-07-26 09:59:43', 'Operativo');
insert into proyecto_iot.sensores (sensor_id, modulo_id, tipo, calibracion, estado) values (30, 16, 'humedad', '2022-02-26 07:23:27', 'No_Operativo');
insert into proyecto_iot.sensores (sensor_id, modulo_id, tipo, calibracion, estado) values (31, 4, 'humedad', '2022-07-18 23:15:29', 'No_Operativo');
insert into proyecto_iot.sensores (sensor_id, modulo_id, tipo, calibracion, estado) values (32, 14, 'humedad', '2022-05-04 04:54:41', 'Operativo');
insert into proyecto_iot.sensores (sensor_id, modulo_id, tipo, calibracion, estado) values (33, 4, 'temperatura', '2022-02-24 02:29:43', 'No_Operativo');
insert into proyecto_iot.sensores (sensor_id, modulo_id, tipo, calibracion, estado) values (34, 5, 'humedad', '2022-02-18 11:59:56', 'No_Operativo');
insert into proyecto_iot.sensores (sensor_id, modulo_id, tipo, calibracion, estado) values (35, 18, 'humedad', '2022-08-21 12:17:09', 'No_Operativo');
insert into proyecto_iot.sensores (sensor_id, modulo_id, tipo, calibracion, estado) values (36, 26, 'humedad', '2022-10-18 13:04:08', 'Operativo');
insert into proyecto_iot.sensores (sensor_id, modulo_id, tipo, calibracion, estado) values (37, 13, 'humedad', '2022-02-03 04:21:31', 'No_Operativo');
insert into proyecto_iot.sensores (sensor_id, modulo_id, tipo, calibracion, estado) values (38, 29, 'temperatura', '2022-10-14 04:31:21', 'No_Operativo');
insert into proyecto_iot.sensores (sensor_id, modulo_id, tipo, calibracion, estado) values (39, 20, 'humedad', '2022-10-06 19:17:38', 'Operativo');
insert into proyecto_iot.sensores (sensor_id, modulo_id, tipo, calibracion, estado) values (40, 1, 'temperatura', '2022-05-24 04:55:06', 'No_Operativo');

-- Insertar Datos Tabala Mediciones
insert into proyecto_iot.mediciones (medicion_id, sensor_id, valor, fecha_hora) values (1, 3, 14.18, '2022-10-24 07:09:10');
insert into proyecto_iot.mediciones (medicion_id, sensor_id, valor, fecha_hora) values (2, 16, 68.7, '2022-10-24 06:26:03');
insert into proyecto_iot.mediciones (medicion_id, sensor_id, valor, fecha_hora) values (3, 21, 44.68, '2022-10-24 10:01:53');
insert into proyecto_iot.mediciones (medicion_id, sensor_id, valor, fecha_hora) values (4, 9, 9.61, '2022-10-24 20:24:10');
insert into proyecto_iot.mediciones (medicion_id, sensor_id, valor, fecha_hora) values (5, 23, 12.68, '2022-10-24 12:35:06');
insert into proyecto_iot.mediciones (medicion_id, sensor_id, valor, fecha_hora) values (6, 19, 89.53, '2022-10-24 00:24:44');
insert into proyecto_iot.mediciones (medicion_id, sensor_id, valor, fecha_hora) values (7, 15, 30.17, '2022-10-24 20:26:13');
insert into proyecto_iot.mediciones (medicion_id, sensor_id, valor, fecha_hora) values (8, 7, 38.14, '2022-10-24 22:05:50');
insert into proyecto_iot.mediciones (medicion_id, sensor_id, valor, fecha_hora) values (9, 13, 21.58, '2022-10-24 22:30:19');
insert into proyecto_iot.mediciones (medicion_id, sensor_id, valor, fecha_hora) values (10, 39, 97.26, '2022-10-24 21:32:12');
insert into proyecto_iot.mediciones (medicion_id, sensor_id, valor, fecha_hora) values (11, 15, 74.11, '2022-10-24 21:48:39');
insert into proyecto_iot.mediciones (medicion_id, sensor_id, valor, fecha_hora) values (12, 36, 40.84, '2022-10-24 12:06:14');
insert into proyecto_iot.mediciones (medicion_id, sensor_id, valor, fecha_hora) values (13, 1, 80.22, '2022-10-24 14:30:48');
insert into proyecto_iot.mediciones (medicion_id, sensor_id, valor, fecha_hora) values (14, 35, 40.36, '2022-10-24 05:25:58');
insert into proyecto_iot.mediciones (medicion_id, sensor_id, valor, fecha_hora) values (15, 35, 61.93, '2022-10-24 00:11:13');
insert into proyecto_iot.mediciones (medicion_id, sensor_id, valor, fecha_hora) values (16, 4, 22.8, '2022-10-24 18:55:10');
insert into proyecto_iot.mediciones (medicion_id, sensor_id, valor, fecha_hora) values (17, 13, 35.06, '2022-10-24 08:27:55');
insert into proyecto_iot.mediciones (medicion_id, sensor_id, valor, fecha_hora) values (18, 2, 56.41, '2022-10-24 18:51:02');
insert into proyecto_iot.mediciones (medicion_id, sensor_id, valor, fecha_hora) values (19, 38, 12.68, '2022-10-24 19:40:41');
insert into proyecto_iot.mediciones (medicion_id, sensor_id, valor, fecha_hora) values (20, 5, 77.93, '2022-10-24 03:23:24');
insert into proyecto_iot.mediciones (medicion_id, sensor_id, valor, fecha_hora) values (21, 27, 31.71, '2022-10-24 04:44:11');
insert into proyecto_iot.mediciones (medicion_id, sensor_id, valor, fecha_hora) values (22, 17, 18.37, '2022-10-24 01:39:12');
insert into proyecto_iot.mediciones (medicion_id, sensor_id, valor, fecha_hora) values (23, 8, 84.41, '2022-10-24 17:23:32');
insert into proyecto_iot.mediciones (medicion_id, sensor_id, valor, fecha_hora) values (24, 33, 86.18, '2022-10-24 11:14:47');
insert into proyecto_iot.mediciones (medicion_id, sensor_id, valor, fecha_hora) values (25, 26, 56.73, '2022-10-24 20:29:50');
insert into proyecto_iot.mediciones (medicion_id, sensor_id, valor, fecha_hora) values (26, 21, 91.56, '2022-10-24 17:55:13');
insert into proyecto_iot.mediciones (medicion_id, sensor_id, valor, fecha_hora) values (27, 24, 78.19, '2022-10-24 04:14:25');
insert into proyecto_iot.mediciones (medicion_id, sensor_id, valor, fecha_hora) values (28, 39, 72.4, '2022-10-24 07:22:02');
insert into proyecto_iot.mediciones (medicion_id, sensor_id, valor, fecha_hora) values (29, 31, 78.53, '2022-10-24 21:07:01');
insert into proyecto_iot.mediciones (medicion_id, sensor_id, valor, fecha_hora) values (30, 9, 49.24, '2022-10-24 11:07:05');
insert into proyecto_iot.mediciones (medicion_id, sensor_id, valor, fecha_hora) values (31, 20, 58.69, '2022-10-24 14:10:37');
insert into proyecto_iot.mediciones (medicion_id, sensor_id, valor, fecha_hora) values (32, 19, 13.86, '2022-10-24 16:09:56');
insert into proyecto_iot.mediciones (medicion_id, sensor_id, valor, fecha_hora) values (33, 19, 78.49, '2022-10-24 17:49:37');
insert into proyecto_iot.mediciones (medicion_id, sensor_id, valor, fecha_hora) values (34, 11, 64.45, '2022-10-24 14:10:28');
insert into proyecto_iot.mediciones (medicion_id, sensor_id, valor, fecha_hora) values (35, 13, 92.53, '2022-10-24 14:57:46');
insert into proyecto_iot.mediciones (medicion_id, sensor_id, valor, fecha_hora) values (36, 24, 15.44, '2022-10-24 19:26:29');
insert into proyecto_iot.mediciones (medicion_id, sensor_id, valor, fecha_hora) values (37, 31, 43.69, '2022-10-24 11:28:31');
insert into proyecto_iot.mediciones (medicion_id, sensor_id, valor, fecha_hora) values (38, 5, 6.76, '2022-10-24 01:47:49');
insert into proyecto_iot.mediciones (medicion_id, sensor_id, valor, fecha_hora) values (39, 15, 45.14, '2022-10-24 09:57:31');
insert into proyecto_iot.mediciones (medicion_id, sensor_id, valor, fecha_hora) values (40, 10, 15.04, '2022-10-24 11:55:05');
insert into proyecto_iot.mediciones (medicion_id, sensor_id, valor, fecha_hora) values (41, 15, 2.64, '2022-10-24 20:52:45');
insert into proyecto_iot.mediciones (medicion_id, sensor_id, valor, fecha_hora) values (42, 12, 88.63, '2022-10-24 06:20:13');
insert into proyecto_iot.mediciones (medicion_id, sensor_id, valor, fecha_hora) values (43, 15, 70.47, '2022-10-24 17:53:43');
insert into proyecto_iot.mediciones (medicion_id, sensor_id, valor, fecha_hora) values (44, 29, 31.92, '2022-10-24 09:51:47');
insert into proyecto_iot.mediciones (medicion_id, sensor_id, valor, fecha_hora) values (45, 12, 36.23, '2022-10-24 00:53:54');
insert into proyecto_iot.mediciones (medicion_id, sensor_id, valor, fecha_hora) values (46, 35, 32.48, '2022-10-24 04:23:01');
insert into proyecto_iot.mediciones (medicion_id, sensor_id, valor, fecha_hora) values (47, 31, 78.44, '2022-10-24 22:57:31');
insert into proyecto_iot.mediciones (medicion_id, sensor_id, valor, fecha_hora) values (48, 2, 3.37, '2022-10-24 23:39:26');
insert into proyecto_iot.mediciones (medicion_id, sensor_id, valor, fecha_hora) values (49, 10, 9.06, '2022-10-24 13:18:47');
insert into proyecto_iot.mediciones (medicion_id, sensor_id, valor, fecha_hora) values (50, 23, 70.07, '2022-10-24 22:09:32');
insert into proyecto_iot.mediciones (medicion_id, sensor_id, valor, fecha_hora) values (51, 33, 6.12, '2022-10-24 05:23:44');
insert into proyecto_iot.mediciones (medicion_id, sensor_id, valor, fecha_hora) values (52, 33, 20.73, '2022-10-24 18:12:50');
insert into proyecto_iot.mediciones (medicion_id, sensor_id, valor, fecha_hora) values (53, 31, 99.95, '2022-10-24 16:41:15');
insert into proyecto_iot.mediciones (medicion_id, sensor_id, valor, fecha_hora) values (54, 4, 57.97, '2022-10-24 02:34:18');
insert into proyecto_iot.mediciones (medicion_id, sensor_id, valor, fecha_hora) values (55, 15, 95.34, '2022-10-24 14:24:53');
insert into proyecto_iot.mediciones (medicion_id, sensor_id, valor, fecha_hora) values (56, 34, 47.51, '2022-10-24 01:14:23');
insert into proyecto_iot.mediciones (medicion_id, sensor_id, valor, fecha_hora) values (57, 26, 86.25, '2022-10-24 22:31:36');
insert into proyecto_iot.mediciones (medicion_id, sensor_id, valor, fecha_hora) values (58, 7, 26.4, '2022-10-24 23:40:30');
insert into proyecto_iot.mediciones (medicion_id, sensor_id, valor, fecha_hora) values (59, 30, 99.01, '2022-10-24 16:41:18');
insert into proyecto_iot.mediciones (medicion_id, sensor_id, valor, fecha_hora) values (60, 36, 58.68, '2022-10-24 03:39:11');
insert into proyecto_iot.mediciones (medicion_id, sensor_id, valor, fecha_hora) values (61, 24, 78.9, '2022-10-24 20:16:28');
insert into proyecto_iot.mediciones (medicion_id, sensor_id, valor, fecha_hora) values (62, 10, 69.23, '2022-10-24 16:59:09');
insert into proyecto_iot.mediciones (medicion_id, sensor_id, valor, fecha_hora) values (63, 1, 51.86, '2022-10-24 02:29:12');
insert into proyecto_iot.mediciones (medicion_id, sensor_id, valor, fecha_hora) values (64, 19, 90.64, '2022-10-24 14:31:39');
insert into proyecto_iot.mediciones (medicion_id, sensor_id, valor, fecha_hora) values (65, 28, 62.58, '2022-10-24 00:10:46');
insert into proyecto_iot.mediciones (medicion_id, sensor_id, valor, fecha_hora) values (66, 13, 76.76, '2022-10-24 11:25:15');
insert into proyecto_iot.mediciones (medicion_id, sensor_id, valor, fecha_hora) values (67, 26, 64.22, '2022-10-24 19:12:08');
insert into proyecto_iot.mediciones (medicion_id, sensor_id, valor, fecha_hora) values (68, 17, 38.2, '2022-10-24 17:23:19');
insert into proyecto_iot.mediciones (medicion_id, sensor_id, valor, fecha_hora) values (69, 33, 66.39, '2022-10-24 19:24:57');
insert into proyecto_iot.mediciones (medicion_id, sensor_id, valor, fecha_hora) values (70, 34, 2.92, '2022-10-24 02:21:09');
insert into proyecto_iot.mediciones (medicion_id, sensor_id, valor, fecha_hora) values (71, 7, 85.49, '2022-10-24 10:24:19');
insert into proyecto_iot.mediciones (medicion_id, sensor_id, valor, fecha_hora) values (72, 31, 11.88, '2022-10-24 04:46:26');
insert into proyecto_iot.mediciones (medicion_id, sensor_id, valor, fecha_hora) values (73, 29, 77.64, '2022-10-24 10:17:54');
insert into proyecto_iot.mediciones (medicion_id, sensor_id, valor, fecha_hora) values (74, 20, 60.01, '2022-10-24 22:56:27');
insert into proyecto_iot.mediciones (medicion_id, sensor_id, valor, fecha_hora) values (75, 11, 6.93, '2022-10-24 10:48:47');
insert into proyecto_iot.mediciones (medicion_id, sensor_id, valor, fecha_hora) values (76, 38, 99.57, '2022-10-24 00:48:55');
insert into proyecto_iot.mediciones (medicion_id, sensor_id, valor, fecha_hora) values (77, 5, 80.51, '2022-10-24 01:03:03');
insert into proyecto_iot.mediciones (medicion_id, sensor_id, valor, fecha_hora) values (78, 36, 61.56, '2022-10-24 19:11:33');
insert into proyecto_iot.mediciones (medicion_id, sensor_id, valor, fecha_hora) values (79, 15, 5.16, '2022-10-24 08:48:26');
insert into proyecto_iot.mediciones (medicion_id, sensor_id, valor, fecha_hora) values (80, 13, 52.54, '2022-10-24 05:51:24');
insert into proyecto_iot.mediciones (medicion_id, sensor_id, valor, fecha_hora) values (81, 5, 60.53, '2022-10-24 04:05:47');
insert into proyecto_iot.mediciones (medicion_id, sensor_id, valor, fecha_hora) values (82, 8, 12.74, '2022-10-24 04:22:27');
insert into proyecto_iot.mediciones (medicion_id, sensor_id, valor, fecha_hora) values (83, 13, 71.17, '2022-10-24 18:42:43');
insert into proyecto_iot.mediciones (medicion_id, sensor_id, valor, fecha_hora) values (84, 28, 3.73, '2022-10-24 06:17:58');
insert into proyecto_iot.mediciones (medicion_id, sensor_id, valor, fecha_hora) values (85, 15, 89.16, '2022-10-24 22:33:55');
insert into proyecto_iot.mediciones (medicion_id, sensor_id, valor, fecha_hora) values (86, 27, 77.39, '2022-10-24 15:10:13');
insert into proyecto_iot.mediciones (medicion_id, sensor_id, valor, fecha_hora) values (87, 29, 96.77, '2022-10-24 06:02:19');
insert into proyecto_iot.mediciones (medicion_id, sensor_id, valor, fecha_hora) values (88, 36, 67.63, '2022-10-24 19:01:28');
insert into proyecto_iot.mediciones (medicion_id, sensor_id, valor, fecha_hora) values (89, 35, 54.35, '2022-10-24 06:06:47');
insert into proyecto_iot.mediciones (medicion_id, sensor_id, valor, fecha_hora) values (90, 19, 51.18, '2022-10-24 11:55:35');
insert into proyecto_iot.mediciones (medicion_id, sensor_id, valor, fecha_hora) values (91, 1, 98.83, '2022-10-24 20:31:03');
insert into proyecto_iot.mediciones (medicion_id, sensor_id, valor, fecha_hora) values (92, 11, 41.91, '2022-10-24 07:30:40');
insert into proyecto_iot.mediciones (medicion_id, sensor_id, valor, fecha_hora) values (93, 31, 98.1, '2022-10-24 09:18:05');
insert into proyecto_iot.mediciones (medicion_id, sensor_id, valor, fecha_hora) values (94, 19, 56.13, '2022-10-24 10:06:00');
insert into proyecto_iot.mediciones (medicion_id, sensor_id, valor, fecha_hora) values (95, 5, 82.14, '2022-10-24 13:25:37');
insert into proyecto_iot.mediciones (medicion_id, sensor_id, valor, fecha_hora) values (96, 28, 39.51, '2022-10-24 19:48:47');
insert into proyecto_iot.mediciones (medicion_id, sensor_id, valor, fecha_hora) values (97, 15, 22.89, '2022-10-24 00:57:13');
insert into proyecto_iot.mediciones (medicion_id, sensor_id, valor, fecha_hora) values (98, 40, 7.3, '2022-10-24 19:24:23');
insert into proyecto_iot.mediciones (medicion_id, sensor_id, valor, fecha_hora) values (99, 39, 68.96, '2022-10-24 06:23:35');
insert into proyecto_iot.mediciones (medicion_id, sensor_id, valor, fecha_hora) values (100, 13, 99.1, '2022-10-24 18:53:19');

